run,variant,accuracy,macro_f1,unknown_recall,true_precision,false_precision,pred_unknown_rate
gemma_3_4b_pt_basefmt,decoder_emitted,0.3458333333333333,0.20134982514865762,0.0,0.339568345323741,0.5909090909090909,0.004166666666666667
gemma_3_4b_pt_basefmt,argmax_prompt_logit,0.35833333333333334,0.22509136090261836,0.0,0.3440702781844802,0.6216216216216216,0.0
gemma_3_4b_pt_basefmt,latent_steering_fixed_alpha_1,0.37083333333333335,0.2489642783252847,0.0,0.34880239520958084,0.6666666666666666,0.001388888888888889
gemma_3_4b_pt_basefmt,latent_steering_loow,0.3861111111111111,0.27541220766124286,0.0,0.360062893081761,0.5903614457831325,0.001388888888888889
