model,state_key,n_train,n_test,train_worlds,test_worlds,probe_kind,accuracy,macro_f1,worlds_with_nonzero_unknown_recall,precision_true,recall_true,f1_true,precision_false,recall_false,f1_false,precision_unknown,recall_unknown,f1_unknown
Qwen3.5-2B,final_prompt,1440,1440,20,20,mlp_shallow,0.4847222222222222,0.489074860917853,20,0.7183098591549296,0.425,0.5340314136125655,0.4304635761589404,0.5416666666666666,0.4797047970479705,0.42391304347826086,0.4875,0.45348837209302323
Qwen3.5-2B,verdict_span_mean,1440,1440,20,20,mlp_shallow,0.4597222222222222,0.45521861655175394,20,0.5069124423963134,0.4583333333333333,0.4814004376367615,0.422680412371134,0.3416666666666667,0.3778801843317972,0.44983818770226536,0.5791666666666667,0.5063752276867031
Qwen3.5-2B,verdict_token,1440,1440,20,20,mlp_shallow,0.49444444444444446,0.4742325208267066,20,0.7228915662650602,0.25,0.3715170278637771,0.5,0.49166666666666664,0.4957983193277311,0.44389027431421446,0.7416666666666667,0.5553822152886115
