run,variant,accuracy,macro_f1,unknown_recall,true_precision,false_precision,pred_unknown_rate
gemma_3_4b_it_raw,decoder_emitted,0.3888888888888889,0.33892089747822524,0.375,0.3953488372093023,0.5555555555555556,0.3527777777777778
gemma_3_4b_it_raw,argmax_prompt_logit,0.4027777777777778,0.3761692776639578,0.3,0.3976470588235294,0.532608695652174,0.28194444444444444
gemma_3_4b_it_raw,latent_steering_fixed_alpha_1,0.4152777777777778,0.3940962344376128,0.3375,0.4089775561097257,0.54,0.30416666666666664
gemma_3_4b_it_raw,latent_steering_loow,0.4097222222222222,0.39526076087993145,0.3625,0.4098360655737705,0.5225225225225225,0.3375
