run,n_examples,decoder_unknown_recall,loow_unknown_recall,decoder_accuracy,loow_accuracy,decoder_macro_f1,loow_macro_f1
gemma_3_4b_it_raw,1440,0.375,0.16666666666666666,0.3888888888888889,0.4125,0.33892089747822524,0.37781804415176506
gemma_3_4b_pt_basefmt,1440,0.0,0.31666666666666665,0.3458333333333333,0.35833333333333334,0.20134982514865762,0.28941155773096705
