state_kind,layer_idx,n_train,n_test,accuracy,macro_f1,precision_true,recall_true,f1_true,support_true,precision_false,recall_false,f1_false,support_false,precision_unknown,recall_unknown,f1_unknown,support_unknown
prompt_last,29,1440,1440,0.35555555555555557,0.2842911170556222,0.3870967741935484,0.15,0.21621621621621623,480,0.41509433962264153,0.09166666666666666,0.15017064846416384,480,0.34494773519163763,0.825,0.4864864864864865,480
verdict_token,28,1440,1440,0.4263888888888889,0.40212853822283573,0.5034013605442177,0.30833333333333335,0.38242894056847543,480,0.456,0.2375,0.31232876712328766,480,0.39285714285714285,0.7333333333333333,0.5116279069767442,480
