n_test,accuracy,macro_f1,precision_true,recall_true,f1_true,precision_false,recall_false,f1_false,precision_unknown,recall_unknown,f1_unknown
1440,0.3888888888888889,0.33892089747822524,0.3953488372093023,0.7083333333333334,0.5074626865671642,0.5555555555555556,0.08333333333333333,0.14492753623188406,0.3543307086614173,0.375,0.3643724696356275
