state_key,label,support,precision,recall,f1,predicted_count
final_prompt,True,480,0.4481707317073171,0.6125,0.5176056338028169,656
final_prompt,False,480,0.44607843137254904,0.37916666666666665,0.4099099099099099,408
final_prompt,Unknown,480,0.43617021276595747,0.3416666666666667,0.38317757009345793,376
verdict_token,True,480,0.48484848484848486,0.5333333333333333,0.5079365079365079,528
verdict_token,False,480,0.3988919667590028,0.6,0.47920133111480867,722
verdict_token,Unknown,480,0.4631578947368421,0.18333333333333332,0.2626865671641791,190
verdict_span_mean,True,480,0.5376884422110553,0.44583333333333336,0.4874715261958998,398
verdict_span_mean,False,480,0.4,0.55,0.4631578947368421,660
verdict_span_mean,Unknown,480,0.4293193717277487,0.3416666666666667,0.3805104408352668,382
