state_key,n_train,n_test,train_worlds,test_worlds,accuracy,macro_f1,precision_true,recall_true,f1_true,precision_false,recall_false,f1_false,precision_unknown,recall_unknown,f1_unknown
final_prompt,1440,1440,20,20,0.4444444444444444,0.4368977046020615,0.4481707317073171,0.6125,0.5176056338028169,0.44607843137254904,0.37916666666666665,0.4099099099099099,0.43617021276595747,0.3416666666666667,0.38317757009345793
verdict_token,1440,1440,20,20,0.4388888888888889,0.4166081354051652,0.48484848484848486,0.5333333333333333,0.5079365079365079,0.3988919667590028,0.6,0.47920133111480867,0.4631578947368421,0.18333333333333332,0.2626865671641791
verdict_span_mean,1440,1440,20,20,0.44583333333333336,0.44371328725600295,0.5376884422110553,0.44583333333333336,0.4874715261958998,0.4,0.55,0.4631578947368421,0.4293193717277487,0.3416666666666667,0.3805104408352668
