gold_label,n,mean_prob_true,mean_prob_false,mean_prob_unknown,argmax_unknown_rate,decoder_unknown_rate
False,480,0.4783448642873006,0.3356762836075984,0.18597885210510098,0.0,0.008333333333333333
True,480,0.4979695275114582,0.32151227132728377,0.18051820116125797,0.0,0.004166666666666667
Unknown,480,0.4898652794307635,0.3327248955603506,0.17740982500888586,0.0,0.0
