n_test,accuracy,macro_f1,precision_true,recall_true,f1_true,precision_false,recall_false,f1_false,precision_unknown,recall_unknown,f1_unknown
1440,0.3972222222222222,0.3085034013605442,0.3786764705882353,0.8583333333333333,0.5255102040816326,0.45294117647058824,0.32083333333333336,0.375609756097561,0.5,0.0125,0.024390243902439025
