state_key,label,support,precision,recall,f1,predicted_count
final_prompt,True,480,0.5923076923076923,0.32083333333333336,0.41621621621621624,260
final_prompt,False,480,0.36658354114713215,0.6125,0.45865834633385333,802
final_prompt,Unknown,480,0.31216931216931215,0.24583333333333332,0.27505827505827507,378
verdict_token,True,480,0.5297297297297298,0.4083333333333333,0.4611764705882353,370
verdict_token,False,480,0.4260869565217391,0.4083333333333333,0.41702127659574467,460
verdict_token,Unknown,480,0.4426229508196721,0.5625,0.4954128440366973,610
verdict_span_mean,True,480,0.6101694915254238,0.3,0.4022346368715084,236
verdict_span_mean,False,480,0.38441558441558443,0.6166666666666667,0.4736,770
verdict_span_mean,Unknown,480,0.4700460829493088,0.425,0.44638949671772427,434
