state_key,n_train,n_test,train_worlds,test_worlds,accuracy,macro_f1,precision_true,recall_true,f1_true,precision_false,recall_false,f1_false,precision_unknown,recall_unknown,f1_unknown
final_prompt,1440,1440,20,20,0.39305555555555555,0.3833109458694482,0.5923076923076923,0.32083333333333336,0.41621621621621624,0.36658354114713215,0.6125,0.45865834633385333,0.31216931216931215,0.24583333333333332,0.27505827505827507
verdict_token,1440,1440,20,20,0.4597222222222222,0.457870197073559,0.5297297297297298,0.4083333333333333,0.4611764705882353,0.4260869565217391,0.4083333333333333,0.41702127659574467,0.4426229508196721,0.5625,0.4954128440366973
verdict_span_mean,1440,1440,20,20,0.44722222222222224,0.44074137786307754,0.6101694915254238,0.3,0.4022346368715084,0.38441558441558443,0.6166666666666667,0.4736,0.4700460829493088,0.425,0.44638949671772427
