metric,correct_correct,correct_wrong,wrong_wrong
final_state_euclidean,25.468518588853918,25.53661823272705,24.013028224309284
final_state_cosine,0.01500894924397525,0.013200646952578896,0.011657039324442545
late_alignment_cosine_16,0.885048079396425,0.774149941770654,0.86399807035923
late_alignment_cosine_32,0.6839058418047758,0.5792596779371563,0.6215886150797209
answer_state_euclidean,18.69783312624151,54.38285968178197,16.843976656595867
answer_state_cosine,0.013461098133810896,0.08709898434187237,0.009667361776034037
