metric,wrong,correct
reference_final_state_euclidean,220.9857940673828,219.37083595677427
reference_final_state_cosine,0.9773898370125714,0.9744682633563092
reference_answer_state_euclidean,133.06411339254942,136.54925165678324
reference_answer_state_cosine,0.4855430792359745,0.5258388425174513
reference_late_alignment_cosine_16,0.15016130927731008,0.15000631228873604
reference_late_alignment_cosine_32,0.15016130927731008,0.15000631228873604
