metric,correct_correct,correct_wrong,wrong_wrong_different_answer,wrong_wrong_same_answer
final_state_euclidean,25.468518588853918,25.53661823272705,24.66915798187256,23.88180227279663
final_state_cosine,0.01500894924397525,0.013200646952578896,0.011519253253936768,0.011684596538543701
late_alignment_cosine_16,0.885048079396425,0.774149941770654,0.9048157930374146,0.8558345258235931
late_alignment_cosine_32,0.6839058418047758,0.5792596779371563,0.68208247423172,0.609489843249321
answer_state_euclidean,18.69783312624151,54.38285968178197,17.057997703552246,16.80117244720459
answer_state_cosine,0.013461098133810896,0.08709898434187237,0.009822696447372437,0.009636294841766358
