n_test,accuracy,macro_f1,precision_true,recall_true,f1_true,precision_false,recall_false,f1_false,precision_unknown,recall_unknown,f1_unknown
1440,0.3458333333333333,0.20134982514865762,0.339568345323741,0.9833333333333333,0.5048128342245989,0.5909090909090909,0.05416666666666667,0.09923664122137404,0.0,0.0,0.0
