state_key,n_train,n_test,train_worlds,test_worlds,accuracy,macro_f1,precision_true,recall_true,f1_true,precision_false,recall_false,f1_false,precision_unknown,recall_unknown,f1_unknown
final_prompt,1440,1440,20,20,0.35,0.2797841427978414,0.3537234042553192,0.5541666666666667,0.4318181818181818,0.0,0.0,0.0,0.34593023255813954,0.49583333333333335,0.4075342465753425
verdict_token,1440,1440,20,20,0.37222222222222223,0.3619980196384039,0.36827195467422097,0.5416666666666666,0.43844856661045534,0.38926174496644295,0.24166666666666667,0.2982005141388175,0.3669724770642202,0.3333333333333333,0.34934497816593885
verdict_span_mean,1440,1440,20,20,0.35833333333333334,0.2655862866307454,0.3949579831932773,0.19583333333333333,0.2618384401114206,0.625,0.020833333333333332,0.04032258064516129,0.3473861720067454,0.8583333333333333,0.49459783913565425
