state_key,label,support,precision,recall,f1,predicted_count
final_prompt,True,480,0.3537234042553192,0.5541666666666667,0.4318181818181818,752
final_prompt,False,480,0.0,0.0,0.0,0
final_prompt,Unknown,480,0.34593023255813954,0.49583333333333335,0.4075342465753425,688
verdict_token,True,480,0.36827195467422097,0.5416666666666666,0.43844856661045534,706
verdict_token,False,480,0.38926174496644295,0.24166666666666667,0.2982005141388175,298
verdict_token,Unknown,480,0.3669724770642202,0.3333333333333333,0.34934497816593885,436
verdict_span_mean,True,480,0.3949579831932773,0.19583333333333333,0.2618384401114206,238
verdict_span_mean,False,480,0.625,0.020833333333333332,0.04032258064516129,16
verdict_span_mean,Unknown,480,0.3473861720067454,0.8583333333333333,0.49459783913565425,1186
