metric,correct_correct,correct_wrong
final_state_euclidean,20.214458465576172,30.736745834350586
final_state_cosine,0.007671833038330078,0.01769089698791504
late_alignment_cosine_16,0.6722540259361267,0.7150698900222778
late_alignment_cosine_32,0.4224904775619507,0.5068842172622681
answer_state_euclidean,53.48815155029297,47.973384857177734
answer_state_cosine,0.06081235408782959,0.06621372699737549
