metric,wrong,correct
reference_final_state_euclidean,219.3603057861328,220.84955851236978
reference_final_state_cosine,0.9633611440658569,0.9889008402824402
reference_answer_state_euclidean,141.11865234375,156.49012247721353
reference_answer_state_cosine,0.5436201095581055,0.5919628341992696
reference_late_alignment_cosine_16,0.14116926491260529,0.12496526539325714
reference_late_alignment_cosine_32,0.14116926491260529,0.12496526539325714
