question_id,sample_id,correct,reference_final_state_euclidean,reference_final_state_cosine,reference_answer_state_euclidean,reference_answer_state_cosine,reference_late_alignment_cosine_16,reference_late_alignment_cosine_32
q_0001,sample_00,False,219.3603057861328,0.9633611440658569,141.11865234375,0.5436201095581055,0.14116926491260529,0.14116926491260529
q_0001,sample_01,True,221.1890106201172,0.9796909093856812,138.9375762939453,0.5240033864974976,0.14645874500274658,0.14645874500274658
q_0002,sample_00,True,220.4966583251953,0.9924989342689514,157.62716674804688,0.5648321509361267,0.1220259740948677,0.1220259740948677
q_0002,sample_01,True,220.86300659179688,0.994512677192688,172.90562438964844,0.6870529651641846,0.10641107708215714,0.10641107708215714
