state_key,n_worlds,mean_same_label_cosine,mean_different_label_cosine,mean_same_minus_different_cosine,mean_different_minus_same_cosine,median_different_minus_same_cosine,mean_nearest_neighbor_purity,worlds_positive_gap
final_prompt,20,0.062017082250204636,0.07646080623898242,-0.014443723988777774,0.014443723988777774,0.014677544881780177,1.0,20
prompt_tail_mean,20,0.04674032722838259,0.05514120176020596,-0.008400874531823367,0.008400874531823367,0.007792071662783239,1.0,20
verdict_span_mean,20,0.047888618027386455,0.055501146207529085,-0.007612528180142628,0.007612528180142628,0.007830911614420719,1.0,20
verdict_token,20,0.08533609455118432,0.09999273499404943,-0.0146566404428651,0.0146566404428651,0.016294008429835576,1.0,20
