label,support,precision,recall,f1,accuracy_within_label,predicted_count
True,480,0.3786764705882353,0.8583333333333333,0.5255102040816326,0.8583333333333333,1088
False,480,0.45294117647058824,0.32083333333333336,0.375609756097561,0.32083333333333336,340
Unknown,480,0.5,0.0125,0.024390243902439025,0.0125,12
