feature,roc_auc_raw,roc_auc_inverted,correct_mean,wrong_mean
h0_entropy_final,0.55,0.44999999999999996,5.570188264170323,5.478163081595264
peak_h0_entropy,0.55,0.44999999999999996,5.570188264170323,5.478163081595264
auc_h0_entropy_per_token,0.5,0.5,4.550152053617388,4.452941593579472
late_stage_mean_h0,0.55,0.44999999999999996,5.482919715558774,5.39066433748148
max_delta_h0,0.6,0.4,0.45198512373905647,0.45198512373905525
