n_test,accuracy,macro_f1,precision_true,recall_true,f1_true,precision_false,recall_false,f1_false,precision_unknown,recall_unknown,f1_unknown
1440,0.4777777777777778,0.3767619047619048,0.4673913043478261,0.8958333333333334,0.6142857142857143,0.49615384615384617,0.5375,0.516,0.0,0.0,0.0
