model,state_key,n_train,n_test,train_worlds,test_worlds,probe_kind,accuracy,macro_f1,worlds_with_nonzero_unknown_recall,precision_true,recall_true,f1_true,precision_false,recall_false,f1_false,precision_unknown,recall_unknown,f1_unknown
Qwen3.5-4B (no-think),final_prompt,1440,1440,20,20,mlp_shallow,0.5208333333333334,0.509065331192342,20,0.5830258302583026,0.6583333333333333,0.6183953033268101,0.5214285714285715,0.30416666666666664,0.38421052631578945,0.46601941747572817,0.6,0.5245901639344263
Qwen3.5-4B (no-think),verdict_span_mean,1440,1440,20,20,mlp_shallow,0.55,0.5270575088499889,20,0.6440677966101694,0.6333333333333333,0.6386554621848739,0.5882352941176471,0.25,0.3508771929824561,0.4816753926701571,0.7666666666666667,0.5916398713826366
Qwen3.5-4B (no-think),verdict_token,1440,1440,20,20,mlp_shallow,0.5347222222222222,0.5386476948976949,20,0.7692307692307693,0.5,0.6060606060606061,0.49122807017543857,0.4666666666666667,0.47863247863247865,0.45535714285714285,0.6375,0.53125
