model,decoder_accuracy,decoder_macro_f1,decoder_unknown_recall
Qwen3.5-2B,0.4361111111111111,0.3402981251100757,0.0
Qwen3.5-4B (no-think),0.4777777777777778,0.3767619047619048,0.0
