model,state_key,n_train,n_test,train_worlds,test_worlds,probe_kind,accuracy,macro_f1,worlds_with_nonzero_unknown_recall,precision_true,recall_true,f1_true,precision_false,recall_false,f1_false,precision_unknown,recall_unknown,f1_unknown
Gemma-3-4B-it (no-think),final_prompt,1440,1440,20,20,mlp_shallow,0.47638888888888886,0.48042826927,20,0.6326530612244898,0.5166666666666667,0.5688073394495413,0.4157303370786517,0.4625,0.4378698224852071,0.42023346303501946,0.45,0.4346076458752515
Gemma-3-4B-it (no-think),verdict_span_mean,1440,1440,20,20,mlp_shallow,0.46805555555555556,0.4704618288691436,20,0.5988372093023255,0.42916666666666664,0.5,0.4019933554817276,0.5041666666666667,0.44731977818853974,0.4574898785425101,0.4708333333333333,0.46406570841889117
Gemma-3-4B-it (no-think),verdict_token,1440,1440,20,20,mlp_shallow,0.5055555555555555,0.5038501866490996,20,0.6597222222222222,0.3958333333333333,0.4947916666666667,0.45864661654135336,0.5083333333333333,0.48221343873517786,0.47419354838709676,0.6125,0.5345454545454545
