run,variant,accuracy,macro_f1,unknown_recall,true_precision,false_precision,pred_unknown_rate
gemma_3_4b_pt_basefmt,decoder_emitted,0.3458333333333333,0.20134982514865762,0.0,0.339568345323741,0.5909090909090909,0.004166666666666667
gemma_3_4b_pt_basefmt,argmax_label_logits,0.3472222222222222,0.20344470344470345,0.0,0.3390804597701149,0.5833333333333334,0.0
gemma_3_4b_pt_basefmt,fixed_intervention,0.3597222222222222,0.2913957223107126,0.325,0.3501006036217304,0.5384615384615384,0.2916666666666667
gemma_3_4b_pt_basefmt,loow_intervention,0.35833333333333334,0.28941155773096705,0.31666666666666665,0.35070140280561124,0.5384615384615384,0.28888888888888886
