n_test,accuracy,macro_f1,precision_true,recall_true,f1_true,precision_false,recall_false,f1_false,precision_unknown,recall_unknown,f1_unknown
1440,0.009722222222222222,0.01808785529715762,0.3888888888888889,0.029166666666666667,0.05426356589147287,0.0,0.0,0.0,0.0,0.0,0.0
