state_key,n_train,n_test,train_worlds,test_worlds,accuracy,macro_f1,precision_true,recall_true,f1_true,precision_false,recall_false,f1_false,precision_unknown,recall_unknown,f1_unknown
final_prompt,1440,1440,20,20,0.35555555555555557,0.22666726734844048,0.34684684684684686,0.9625,0.5099337748344371,0.0,0.0,0.0,0.46296296296296297,0.10416666666666667,0.17006802721088435
verdict_token,1440,1440,20,20,0.3347222222222222,0.302721328839453,0.3781094527363184,0.31666666666666665,0.34467120181405897,0.26136363636363635,0.09583333333333334,0.1402439024390244,0.3294663573085847,0.5916666666666667,0.4232488822652757
verdict_span_mean,1440,1440,20,20,0.37222222222222223,0.31820110011230424,0.37857142857142856,0.6625,0.4818181818181818,0.3157894736842105,0.05,0.08633093525179857,0.3702290076335878,0.4041666666666667,0.38645418326693226
