state_key,label,support,precision,recall,f1,predicted_count
final_prompt,True,480,0.34684684684684686,0.9625,0.5099337748344371,1332
final_prompt,False,480,0.0,0.0,0.0,0
final_prompt,Unknown,480,0.46296296296296297,0.10416666666666667,0.17006802721088435,108
verdict_token,True,480,0.3781094527363184,0.31666666666666665,0.34467120181405897,402
verdict_token,False,480,0.26136363636363635,0.09583333333333334,0.1402439024390244,176
verdict_token,Unknown,480,0.3294663573085847,0.5916666666666667,0.4232488822652757,862
verdict_span_mean,True,480,0.37857142857142856,0.6625,0.4818181818181818,840
verdict_span_mean,False,480,0.3157894736842105,0.05,0.08633093525179857,76
verdict_span_mean,Unknown,480,0.3702290076335878,0.4041666666666667,0.38645418326693226,524
