run,variant,accuracy,macro_f1,unknown_recall,true_precision,false_precision,pred_unknown_rate
gemma_3_4b_it_raw,decoder_emitted,0.3888888888888889,0.33892089747822524,0.375,0.3953488372093023,0.5555555555555556,0.3527777777777778
gemma_3_4b_it_raw,argmax_label_logits,0.3972222222222222,0.3679653073546893,0.2833333333333333,0.39675174013921116,0.5053763440860215,0.2722222222222222
gemma_3_4b_it_raw,fixed_intervention,0.41805555555555557,0.3782410270607007,0.14583333333333334,0.39361702127659576,0.47368421052631576,0.10972222222222222
gemma_3_4b_it_raw,loow_intervention,0.4125,0.37781804415176506,0.16666666666666666,0.39606126914660833,0.4840764331210191,0.14722222222222223
