state_key,n_worlds,mean_same_label_cosine,mean_different_label_cosine,mean_same_minus_different_cosine,mean_different_minus_same_cosine,median_different_minus_same_cosine,mean_nearest_neighbor_purity,worlds_positive_gap
final_prompt,1,0.03265363647454027,0.04004701075178606,-0.00739337427724579,0.00739337427724579,0.00739337427724579,1.0,1
prompt_tail_mean,1,0.029431305933689724,0.03443049515287081,-0.004999189219181088,0.004999189219181088,0.004999189219181088,1.0,1
verdict_span_mean,1,0.01192394028539243,0.013826507799051426,-0.0019025675136589964,0.0019025675136589964,0.0019025675136589964,1.0,1
verdict_token,1,0.027274270060557673,0.031697075676035,-0.004422805615477324,0.004422805615477324,0.004422805615477324,1.0,1
