label,support,precision,recall,f1,accuracy_within_label,predicted_count
True,24,0.44,0.9166666666666666,0.5945945945945946,0.9166666666666666,50
False,24,0.5454545454545454,0.5,0.5217391304347826,0.5,22
Unknown,24,0.0,0.0,0.0,0.0,0
