world_id,state_key,n_examples,n_true,n_false,n_unknown,same_label_mean_cosine,different_label_mean_cosine,same_minus_different_cosine,different_minus_same_cosine,nearest_neighbor_purity
eval_world_000000,final_prompt,72,24,24,24,0.03265363647454027,0.04004701075178606,-0.00739337427724579,0.00739337427724579,1.0
eval_world_000000,prompt_tail_mean,72,24,24,24,0.029431305933689724,0.03443049515287081,-0.004999189219181088,0.004999189219181088,1.0
eval_world_000000,verdict_token,72,24,24,24,0.027274270060557673,0.031697075676035,-0.004422805615477324,0.004422805615477324,1.0
eval_world_000000,verdict_span_mean,72,24,24,24,0.01192394028539243,0.013826507799051426,-0.0019025675136589964,0.0019025675136589964,1.0
