gold_label,n,mean_prob_true,mean_prob_false,mean_prob_unknown,argmax_unknown_rate,decoder_unknown_rate
False,480,0.40338296465794254,0.30423671894900944,0.292380316393048,0.32916666666666666,0.425
True,480,0.5281960737373108,0.23128371274778828,0.2405202135149009,0.20416666666666666,0.25833333333333336
Unknown,480,0.4544000406580408,0.2596695746751561,0.2859303846668031,0.2833333333333333,0.375
