state_key,label,support,precision,recall,f1,predicted_count
final_prompt,True,480,0.45652173913043476,0.7875,0.5779816513761468,828
final_prompt,False,480,0.47150259067357514,0.37916666666666665,0.42032332563510394,386
final_prompt,Unknown,480,0.5132743362831859,0.24166666666666667,0.3286118980169972,226
verdict_token,True,480,0.4190064794816415,0.8083333333333333,0.5519203413940256,926
verdict_token,False,480,0.44554455445544555,0.375,0.4072398190045249,404
verdict_token,Unknown,480,0.5636363636363636,0.12916666666666668,0.21016949152542372,110
verdict_span_mean,True,480,0.41634980988593157,0.9125,0.5718015665796344,1052
verdict_span_mean,False,480,0.5714285714285714,0.21666666666666667,0.31419939577039274,182
verdict_span_mean,Unknown,480,0.6213592233009708,0.26666666666666666,0.37317784256559766,206
