state_key,n_train,n_test,train_worlds,test_worlds,accuracy,macro_f1,precision_true,recall_true,f1_true,precision_false,recall_false,f1_false,precision_unknown,recall_unknown,f1_unknown
final_prompt,1440,1440,20,20,0.46944444444444444,0.44230562500941595,0.45652173913043476,0.7875,0.5779816513761468,0.47150259067357514,0.37916666666666665,0.42032332563510394,0.5132743362831859,0.24166666666666667,0.3286118980169972
verdict_token,1440,1440,20,20,0.4375,0.3897765506413247,0.4190064794816415,0.8083333333333333,0.5519203413940256,0.44554455445544555,0.375,0.4072398190045249,0.5636363636363636,0.12916666666666668,0.21016949152542372
verdict_span_mean,1440,1440,20,20,0.4652777777777778,0.41972626830520826,0.41634980988593157,0.9125,0.5718015665796344,0.5714285714285714,0.21666666666666667,0.31419939577039274,0.6213592233009708,0.26666666666666666,0.37317784256559766
