state_key,label,support,precision,recall,f1,predicted_count
final_prompt,True,480,0.4420289855072464,0.25416666666666665,0.32275132275132273,276
final_prompt,False,480,0.371900826446281,0.5625,0.44776119402985076,726
final_prompt,Unknown,480,0.3378995433789954,0.30833333333333335,0.3224400871459695,438
verdict_token,True,480,0.3870967741935484,0.1,0.15894039735099338,124
verdict_token,False,480,0.45664739884393063,0.32916666666666666,0.38256658595641646,346
verdict_token,Unknown,480,0.3649484536082474,0.7375,0.4882758620689655,970
verdict_span_mean,True,480,0.40384615384615385,0.4375,0.42,520
verdict_span_mean,False,480,0.4887640449438202,0.3625,0.41626794258373206,356
verdict_span_mean,Unknown,480,0.34397163120567376,0.4041666666666667,0.3716475095785441,564
