state_key,n_train,n_test,train_worlds,test_worlds,accuracy,macro_f1,precision_true,recall_true,f1_true,precision_false,recall_false,f1_false,precision_unknown,recall_unknown,f1_unknown
final_prompt,1440,1440,20,20,0.375,0.364317534642381,0.4420289855072464,0.25416666666666665,0.32275132275132273,0.371900826446281,0.5625,0.44776119402985076,0.3378995433789954,0.30833333333333335,0.3224400871459695
verdict_token,1440,1440,20,20,0.3888888888888889,0.3432609484587918,0.3870967741935484,0.1,0.15894039735099338,0.45664739884393063,0.32916666666666666,0.38256658595641646,0.3649484536082474,0.7375,0.4882758620689655
verdict_span_mean,1440,1440,20,20,0.4013888888888889,0.402638484054092,0.40384615384615385,0.4375,0.42,0.4887640449438202,0.3625,0.41626794258373206,0.34397163120567376,0.4041666666666667,0.3716475095785441
