feature,corr_with_correct,corr_with_token_count
mean_top2_margin,0.5018338750057729,-0.025352987701610884
mean_token_entropy,-0.4546805569789117,0.09924613647074992
min_top2_margin,0.39394192655434934,-0.298228380604479
max_token_entropy,-0.150218214578692,0.6320894091604274
late_mean_entropy,-0.10103406620961566,0.2598567591636978
late_mean_top2_margin,0.07634146938346181,-0.26147724341774464
final_token_entropy,0.013318411783631093,0.1713869033587803
