state_key,n_worlds,mean_same_label_cosine,mean_different_label_cosine,mean_same_minus_different_cosine,mean_different_minus_same_cosine,median_different_minus_same_cosine,mean_nearest_neighbor_purity,worlds_positive_gap
final_prompt,19,0.029359992325472647,0.03598369800324096,-0.006623705677768319,0.006623705677768319,0.006711579013417887,1.0,19
prompt_tail_mean,19,0.029407573616174288,0.035100460473673156,-0.005692886857498862,0.005692886857498862,0.005775255413543005,1.0,19
verdict_span_mean,19,0.010567723810596985,0.013184220172450323,-0.0026164963618533392,0.0026164963618533392,0.0017983392120943364,1.0,19
verdict_token,19,0.023379981657975567,0.029653560987457656,-0.006273579329482094,0.006273579329482094,0.004164250696530855,1.0,19
