label,support,precision,recall,f1,accuracy_within_label,predicted_count
True,456,0.40643863179074446,0.8859649122807017,0.5572413793103448,0.8859649122807017,994
False,456,0.5026737967914439,0.41228070175438597,0.4530120481927711,0.41228070175438597,374
Unknown,456,0.0,0.0,0.0,0.0,0
