state_kind,layer_idx,n_train,n_test,accuracy,macro_f1,precision_true,recall_true,f1_true,support_true,precision_false,recall_false,f1_false,support_false,precision_unknown,recall_unknown,f1_unknown,support_unknown
prompt_last,1,1440,1440,0.3375,0.2697840761699201,0.30578512396694213,0.15416666666666667,0.20498614958448755,480,0.4222222222222222,0.07916666666666666,0.13333333333333333,480,0.33754512635379064,0.7791666666666667,0.47103274559193953,480
verdict_token,10,1440,1440,0.36527777777777776,0.31669496636774125,0.5208333333333334,0.10416666666666667,0.1736111111111111,480,0.4225352112676056,0.25,0.31413612565445026,480,0.33584905660377357,0.7416666666666667,0.4623376623376623,480
